{"cameraMode":{"drawMode":2,"name":"Shaded Wireframe","section":"Shading Mode"},"sceneLighting":true,"audioPlay":false,"sceneViewState":{"showFog":true,"showMaterialUpdate":false,"showSkybox":true,"showFlares":true,"showImageEffects":true,"showParticleSystems":true},"in2DMode":false,"pivot":{"x":-6.207287788391113,"y":3.164592742919922,"z":7.019707679748535},"rotation":{"x":0.013899817131459713,"y":-0.9678940773010254,"z":0.24488729238510133,"w":0.054937943816185},"size":60.547672271728519,"orthographic":false}