{"cameraMode":{"drawMode":2,"name":"Shaded Wireframe","section":"Shading Mode"},"sceneLighting":true,"audioPlay":false,"sceneViewState":{"showFog":true,"showMaterialUpdate":false,"showSkybox":true,"showFlares":true,"showImageEffects":true,"showParticleSystems":true},"in2DMode":false,"pivot":{"x":0.8027434349060059,"y":7.833274841308594,"z":-5.294361114501953},"rotation":{"x":0.5747776031494141,"y":-0.1593623012304306,"z":0.11531684547662735,"w":0.7943150401115418},"size":61.55352020263672,"orthographic":false}