{"cameraMode":{"drawMode":0,"name":"Shaded","section":"Shading Mode"},"sceneLighting":true,"audioPlay":false,"sceneViewState":{"showFog":true,"showMaterialUpdate":true,"showSkybox":true,"showFlares":true,"showImageEffects":true,"showParticleSystems":true},"in2DMode":false,"pivot":{"x":4.5339250564575199,"y":0.16500002145767213,"z":2.5012502670288088},"rotation":{"x":0.26996150612831118,"y":0.261563241481781,"z":-0.0764608308672905,"w":0.9235038161277771},"size":19.08502960205078,"orthographic":true}